NAME,YOB,DEPARTURE,DESTINATION,PAID
Theo Baker,1993,Brno,Rijeka,728
Theodore Baker,1990,Brno,Rijeka,728
Oscar Baker,2014,Brno,Rijeka,728
Charlotte Baker,2014,Brno,Rijeka,728
Ella Wilson,1992,Innsbruck,Warsaw,1133
Finley Baker,1974,Innsbruck,Warsaw,1133
Isabella Burton,1990,Innsbruck,Warsaw,1133
Jacob Owen,1974,Innsbruck,Warsaw,1133
Muhammad Adams,1980,Innsbruck,Warsaw,1133
Henry Wilson,1974,Innsbruck,Warsaw,1133
Rosie Matthews,1984,Vienna,Warsaw,1122
Sophia Jones,1982,Vienna,Warsaw,1122
Finley Matthews,1984,Vienna,Warsaw,1122
Tommy Black,1983,Vienna,Warsaw,1122
Evie Chapman,1992,Vienna,Warsaw,1122
Muhammad Lewis,1989,Vienna,Warsaw,1122
Florence Black,1975,Innsbruck,Warsaw,1212
Sophia Holmes,1983,Innsbruck,Warsaw,1212
Leo Black,1975,Innsbruck,Warsaw,1212
Isabella Davidson,1979,Innsbruck,Warsaw,1212
Harry White,1975,Innsbruck,Warsaw,1212
Arthur Burton,1980,Innsbruck,Warsaw,1212
Finley Wilson,1984,Prague,Rijeka,1030
Daisy Owen,1979,Prague,Rijeka,1030
Ella White,1990,Prague,Rijeka,1030
Muhammad Lewis,1991,Prague,Rijeka,1030
Ivy Stevens,1982,Prague,Rijeka,1030
Charlie Wilson,1978,Prague,Rijeka,618
Sienna Wilson,1993,Prague,Rijeka,618
Charlotte Wilson,2018,Prague,Rijeka,618
Evie Wilson,2013,Prague,Rijeka,618
Elsie Matthews,1977,Hamburg,Rome,721
Ivy Matthews,1990,Hamburg,Rome,721
Evie Matthews,2014,Hamburg,Rome,721
Ava Matthews,1978,Brno,Rijeka,714
Tommy Matthews,1980,Brno,Rijeka,714
William Matthews,2018,Brno,Rijeka,714
Evie Black,1976,Vienna,Warsaw,714
Lucas Black,1979,Vienna,Warsaw,714
Amelia Black,2013,Vienna,Warsaw,714
Jacob Black,2014,Vienna,Warsaw,714
Sophia Burton,1974,Brno,Rijeka,1212
Lucas Harris,1987,Brno,Rijeka,1212
Roman Allen,1992,Brno,Rijeka,1212
Lucas Stevens,1989,Brno,Rijeka,1212
Finley Foster,1992,Hamburg,Innsbruck,312
Phoebe Foster,1973,Hamburg,Innsbruck,312
Evie Foster,2013,Hamburg,Innsbruck,312
Emily Foster,2015,Hamburg,Innsbruck,312
Ava Allen,1991,Innsbruck,Warsaw,918
Alfie Allen,1987,Innsbruck,Warsaw,918
Amelia Allen,2014,Innsbruck,Warsaw,918
Lily Foster,1980,Hamburg,Innsbruck,1236
Evelyn Davidson,1987,Hamburg,Innsbruck,1236
Oscar White,1980,Hamburg,Innsbruck,1236
Lucas Wilson,1975,Hamburg,Innsbruck,1236
Tommy Baker,1988,Brno,Rijeka,721
Mia Baker,1980,Brno,Rijeka,721
Sophia Baker,2014,Brno,Rijeka,721
Theodore Davidson,1984,Hamburg,Innsbruck,1236
Sophia Allen,1989,Hamburg,Innsbruck,1236
Mia Robinson,1985,Hamburg,Innsbruck,1236
Noah Walker,1993,Hamburg,Innsbruck,1236
Sienna Allen,1986,Berlin,Napoli,1040
Harry Baker,1992,Berlin,Napoli,1040
Amelia Baker,1976,Berlin,Napoli,1040
Arthur Lewis,1985,Prague,Rijeka,1020
Isla Foster,1984,Prague,Rijeka,1020
Alfie Holmes,1976,Prague,Rijeka,1020
Jack Chapman,1978,Prague,Rijeka,1020
Elsie Holmes,1984,Berlin,Napoli,1144
Muhammad Allen,1987,Berlin,Napoli,1144
Daisy Lewis,1982,Berlin,Napoli,1144
Alfie Baker,1986,Prague,Rijeka,1040
Isabella Baker,1982,Prague,Rijeka,1040
Mia Burton,1973,Prague,Rijeka,1040
Charlie Burton,1987,Prague,Rijeka,1040
Theodore Wilson,1980,Hamburg,Innsbruck,1248
Freddie Jones,1976,Hamburg,Innsbruck,1248
Thomas Walker,1989,Hamburg,Innsbruck,1248
Daisy Jones,1992,Hamburg,Innsbruck,1248
Amelia Robinson,1975,Hamburg,Innsbruck,1248
Grace Allen,1975,Krakow,Zagreb,721
Finley Allen,1983,Krakow,Zagreb,721
George Allen,2015,Krakow,Zagreb,721
Evelyn Payne,1989,Vienna,Warsaw,936
Freya Payne,1987,Vienna,Warsaw,936
Evie Payne,2017,Vienna,Warsaw,936
Alfie Payne,2014,Vienna,Warsaw,936
Isla Chapman,1977,Berlin,Napoli,808
Willow Chapman,1980,Berlin,Napoli,808
Lily Chapman,2016,Berlin,Napoli,808
Tommy Chapman,2013,Berlin,Napoli,808
Thomas Stevens,1978,Hamburg,Innsbruck,1212
Isla Davidson,1992,Hamburg,Innsbruck,1212
Mia Jones,1981,Hamburg,Innsbruck,1212
Muhammad Davidson,1980,Hamburg,Innsbruck,1212
Rosie Stevens,1979,Hamburg,Innsbruck,1212
Grace Matthews,1983,Vienna,Warsaw,1133
Poppy Payne,1973,Vienna,Warsaw,1133
Isla Harris,1979,Vienna,Warsaw,1133
Henry White,1993,Vienna,Warsaw,1133
Archie Payne,1975,Brno,Rijeka,1248
Evie Walker,1989,Brno,Rijeka,1248
Evelyn Allen,1975,Brno,Rijeka,1248
Ava Harris,1980,Hamburg,Innsbruck,1236
George Stevens,1976,Hamburg,Innsbruck,1236
Lucas Black,1973,Hamburg,Innsbruck,1236
Willow Matthews,1985,Hamburg,Innsbruck,909
Lily Matthews,1992,Hamburg,Innsbruck,909
Henry Matthews,2016,Hamburg,Innsbruck,909
Lucas Lewis,1978,Krakow,Zagreb,721
Poppy Lewis,1986,Krakow,Zagreb,721
Noah Lewis,2017,Krakow,Zagreb,721
Isaac Allen,1992,Innsbruck,Warsaw,936
Freddie Allen,1988,Innsbruck,Warsaw,936
Mia Allen,2016,Innsbruck,Warsaw,936
George Allen,2017,Innsbruck,Warsaw,936
Amelia White,1973,Hamburg,Innsbruck,1248
Rosie Davidson,1978,Hamburg,Innsbruck,1248
Lily Baker,1979,Hamburg,Innsbruck,1248
Harry Owen,1978,Hamburg,Innsbruck,1248
Ava White,1979,Hamburg,Innsbruck,909
Ava White,1989,Hamburg,Innsbruck,909
Noah White,2016,Hamburg,Innsbruck,909
Evelyn White,2013,Hamburg,Innsbruck,909
Arthur Burton,1984,Berlin,Napoli,816
Rosie Burton,1988,Berlin,Napoli,816
Arthur Burton,2016,Berlin,Napoli,816
Noah Burton,2016,Berlin,Napoli,816
William Davidson,1993,Berlin,Napoli,1144
Elsie Stevens,1988,Berlin,Napoli,1144
Lucas Davidson,1993,Berlin,Napoli,1144
Daisy Jones,1979,Berlin,Napoli,1144
Freya Jones,1980,Berlin,Napoli,1144
Finley Owen,1984,Brno,Rijeka,1224
Evie Lewis,1990,Brno,Rijeka,1224
Theo Jones,1992,Brno,Rijeka,1224
Thomas Jones,1984,Brno,Rijeka,1224
Sofia Webb,1989,Hamburg,Innsbruck,909
Grace Webb,1980,Hamburg,Innsbruck,909
Ava Webb,2013,Hamburg,Innsbruck,909
Jack Payne,1978,Hamburg,Innsbruck,1236
Theodore Lewis,1993,Hamburg,Innsbruck,1236
Rosie Allen,1993,Hamburg,Innsbruck,1236
George Harris,1984,Brno,Rijeka,624
Tommy Harris,1992,Brno,Rijeka,624
Tommy Harris,2015,Brno,Rijeka,624
Elsie Holmes,1988,Hamburg,Innsbruck,1236
Mia Adams,1984,Hamburg,Innsbruck,1236
Harry Foster,1979,Hamburg,Innsbruck,1236
George Black,1982,Prague,Rijeka,624
Tommy Black,1976,Prague,Rijeka,624
Isla Black,2016,Prague,Rijeka,624
George Black,2013,Prague,Rijeka,624
Sofia Foster,1992,Hamburg,Innsbruck,1248
Florence White,1975,Hamburg,Innsbruck,1248
Mia Chapman,1974,Hamburg,Innsbruck,1248
Tommy Holmes,1989,Hamburg,Innsbruck,1248
Muhammad Adams,1992,Hamburg,Innsbruck,1248
Muhammad Robinson,1982,Hamburg,Innsbruck,1212
Phoebe Walker,1987,Hamburg,Innsbruck,1212
Jack Davidson,1973,Hamburg,Innsbruck,1212
Charlie Allen,1991,Prague,Rijeka,1030
Florence Stevens,1989,Prague,Rijeka,1030
Elsie Payne,1988,Prague,Rijeka,1030
Amelia White,1976,Berlin,Napoli,1133
Leo Robinson,1992,Berlin,Napoli,1133
Ivy White,1986,Berlin,Napoli,1133
Jacob Davidson,1975,Prague,Rijeka,1040
Mia Stevens,1990,Prague,Rijeka,1040
Jack Lewis,1985,Prague,Rijeka,1040
Henry Webb,1992,Brno,Rijeka,714
Evelyn Webb,1991,Brno,Rijeka,714
Alfie Webb,2017,Brno,Rijeka,714
George Baker,1976,Innsbruck,Warsaw,1224
Phoebe Lewis,1987,Innsbruck,Warsaw,1224
Grace White,1980,Innsbruck,Warsaw,1224
George Stevens,1991,Innsbruck,Warsaw,1224
Charlotte Adams,1979,Berlin,Napoli,808
William Adams,1981,Berlin,Napoli,808
Lily Adams,2014,Berlin,Napoli,808
Grace Baker,1989,Brno,Rijeka,714
Rosie Baker,1988,Brno,Rijeka,714
Noah Baker,2013,Brno,Rijeka,714
Arlo Baker,2013,Brno,Rijeka,714
Lily Payne,1974,Prague,Rijeka,1040
Isaac Robinson,1985,Prague,Rijeka,1040
Elsie Wilson,1985,Prague,Rijeka,1040
Isabella Baker,1987,Prague,Rijeka,1040
Florence Holmes,1973,Prague,Rijeka,1040
William Owen,1977,Hamburg,Innsbruck,1224
Phoebe Jones,1975,Hamburg,Innsbruck,1224
Freya Foster,1979,Hamburg,Innsbruck,1224
Freddie Payne,1974,Hamburg,Innsbruck,1224
Finley Payne,1976,Hamburg,Innsbruck,1224
Arlo Burton,1988,Innsbruck,Warsaw,918
Freya Burton,1975,Innsbruck,Warsaw,918
Alfie Burton,2018,Innsbruck,Warsaw,918
George Burton,2016,Innsbruck,Warsaw,918
Harry Allen,1974,Vienna,Warsaw,1133
Florence White,1974,Vienna,Warsaw,1133
Arlo Lewis,1973,Vienna,Warsaw,1133
Amelia Matthews,1986,Hamburg,Innsbruck,306
Arthur Matthews,1988,Hamburg,Innsbruck,306
Amelia Matthews,2015,Hamburg,Innsbruck,306
Grace Matthews,2018,Hamburg,Innsbruck,306
Leo Adams,1991,Brno,Rijeka,721
Finley Adams,1979,Brno,Rijeka,721
Isabella Adams,2017,Brno,Rijeka,721
Mia Adams,2017,Brno,Rijeka,721
Amelia Matthews,1986,Berlin,Napoli,728
Jack Matthews,1991,Berlin,Napoli,728
Oscar Matthews,2016,Berlin,Napoli,728
Harry Black,1990,Brno,Rijeka,1212
Rosie Adams,1983,Brno,Rijeka,1212
Sofia Burton,1986,Brno,Rijeka,1212
Daisy Stevens,1989,Prague,Rijeka,612
Emily Stevens,1977,Prague,Rijeka,612
Henry Stevens,2013,Prague,Rijeka,612
Ella Adams,1983,Brno,Rijeka,1224
Thomas Jones,1981,Brno,Rijeka,1224
Thomas Harris,1992,Brno,Rijeka,1224
Elsie White,1982,Brno,Rijeka,1224
Evie Chapman,1984,Brno,Rijeka,1224
Theo Jones,1977,Brno,Rijeka,1224
Isla Davidson,1987,Brno,Rijeka,714
Poppy Davidson,1982,Brno,Rijeka,714
Ivy Davidson,2017,Brno,Rijeka,714
Amelia Stevens,1979,Brno,Rijeka,1212
William Adams,1977,Brno,Rijeka,1212
Sofia Owen,1977,Brno,Rijeka,1212
Theodore Davidson,1980,Brno,Rijeka,1212
Mia Wilson,1976,Vienna,Warsaw,1144
Theodore Chapman,1981,Vienna,Warsaw,1144
Evie Walker,1978,Vienna,Warsaw,1144
Henry Burton,1993,Vienna,Warsaw,1144
Sofia Davidson,1977,Hamburg,Rome,707
Emily Davidson,1976,Hamburg,Rome,707
Archie Davidson,2017,Hamburg,Rome,707
Amelia Davidson,2016,Hamburg,Rome,707
Sienna Stevens,1977,Vienna,Warsaw,1133
Elsie Chapman,1980,Vienna,Warsaw,1133
Daisy Adams,1982,Vienna,Warsaw,1133
Alfie Wilson,1990,Vienna,Warsaw,1133
Roman Chapman,1973,Vienna,Warsaw,1133
Archie Wilson,1992,Vienna,Warsaw,1133
Isaac Webb,1990,Hamburg,Innsbruck,936
Ava Webb,1979,Hamburg,Innsbruck,936
Willow Webb,2013,Hamburg,Innsbruck,936
Theodore Webb,2017,Hamburg,Innsbruck,936
Arlo Burton,1982,Prague,Rijeka,1010
Ella Davidson,1991,Prague,Rijeka,1010
Isaac Adams,1973,Prague,Rijeka,1010
Theodore Holmes,1982,Prague,Rijeka,1010
Freddie Payne,1979,Berlin,Napoli,1144
Lucas Owen,1979,Berlin,Napoli,1144
Evelyn Burton,1979,Berlin,Napoli,1144
Theodore Matthews,1993,Berlin,Napoli,1144
Theodore Wilson,1987,Berlin,Napoli,1144
Charlotte Payne,1975,Hamburg,Rome,808
Archie Payne,1979,Hamburg,Rome,808
Muhammad Payne,2014,Hamburg,Rome,808
Phoebe Holmes,1984,Prague,Rijeka,1010
Ava Adams,1979,Prague,Rijeka,1010
George Stevens,1984,Prague,Rijeka,1010
George Payne,1992,Prague,Rijeka,1010
Florence Stevens,1984,Innsbruck,Warsaw,1248
Isla Holmes,1990,Innsbruck,Warsaw,1248
Roman Wilson,1986,Innsbruck,Warsaw,1248
Noah Baker,1981,Innsbruck,Warsaw,1248
Evelyn Burton,1973,Innsbruck,Warsaw,1248
Muhammad Payne,1974,Innsbruck,Warsaw,1248
Harry Holmes,1982,Innsbruck,Warsaw,909
Thomas Holmes,1985,Innsbruck,Warsaw,909
Finley Holmes,2017,Innsbruck,Warsaw,909
Charlie Foster,1974,Innsbruck,Warsaw,1248
Muhammad Adams,1993,Innsbruck,Warsaw,1248
Harry Stevens,1985,Innsbruck,Warsaw,1248
Freya Baker,1975,Innsbruck,Warsaw,1248
Charlotte Davidson,1974,Berlin,Napoli,1133
Theodore Allen,1985,Berlin,Napoli,1133
Jack Holmes,1974,Berlin,Napoli,1133
Henry Webb,1986,Brno,Rijeka,714
Sienna Webb,1985,Brno,Rijeka,714
Oscar Webb,2016,Brno,Rijeka,714
Emily Wilson,1981,Prague,Rijeka,1040
Theodore Owen,1989,Prague,Rijeka,1040
Phoebe Harris,1976,Prague,Rijeka,1040
Isabella Foster,1974,Prague,Rijeka,1040
Freddie Adams,1989,Prague,Rijeka,1040
Charlotte Black,1983,Krakow,Zagreb,909
Mia Black,1973,Krakow,Zagreb,909
Isaac Black,2013,Krakow,Zagreb,909
Theo Black,2014,Krakow,Zagreb,909
Sophia Jones,1991,Hamburg,Innsbruck,927
Rosie Jones,1979,Hamburg,Innsbruck,927
Lily Jones,2018,Hamburg,Innsbruck,927
Lucas Jones,2016,Hamburg,Innsbruck,927
Lucas Harris,1987,Prague,Rijeka,1010
Thomas Harris,1988,Prague,Rijeka,1010
Isaac Jones,1973,Prague,Rijeka,1010
Noah Lewis,1991,Prague,Rijeka,1010
Freddie Harris,1980,Prague,Rijeka,1010
Oscar Webb,1978,Berlin,Napoli,1040
Arlo Harris,1982,Berlin,Napoli,1040
Amelia Harris,1979,Berlin,Napoli,1040
Ava Robinson,1973,Berlin,Napoli,1040
Lily Jones,1991,Berlin,Napoli,1040
William Burton,1993,Berlin,Napoli,1040
Freya Payne,1992,Krakow,Zagreb,728
Isla Payne,1981,Krakow,Zagreb,728
Ella Payne,2017,Krakow,Zagreb,728
Sophia Payne,2014,Krakow,Zagreb,728
Rosie Baker,1993,Vienna,Warsaw,1133
Noah Burton,1989,Vienna,Warsaw,1133
Amelia Burton,1983,Vienna,Warsaw,1133
Grace Webb,1986,Hamburg,Innsbruck,1236
Elsie Matthews,1974,Hamburg,Innsbruck,1236
Sophia Chapman,1993,Hamburg,Innsbruck,1236
Freddie Walker,1978,Hamburg,Innsbruck,1236
Lucas Robinson,1977,Hamburg,Innsbruck,918
Isabella Robinson,1988,Hamburg,Innsbruck,918
Leo Robinson,2018,Hamburg,Innsbruck,918
Florence Adams,1989,Hamburg,Innsbruck,927
Theo Adams,1981,Hamburg,Innsbruck,927
Evie Adams,2018,Hamburg,Innsbruck,927
Oscar Walker,1991,Brno,Rijeka,721
Ella Walker,1980,Brno,Rijeka,721
Henry Walker,2018,Brno,Rijeka,721
George Stevens,1977,Brno,Rijeka,1111
Freddie Payne,1985,Brno,Rijeka,1111
Freya Lewis,1988,Brno,Rijeka,1111
Archie Davidson,1979,Brno,Rijeka,1111
Isaac Jones,1973,Brno,Rijeka,1111
Isabella Davidson,1993,Vienna,Warsaw,728
Lucas Davidson,1992,Vienna,Warsaw,728
Oscar Davidson,2017,Vienna,Warsaw,728
Ava Wilson,1977,Hamburg,Innsbruck,918
Grace Wilson,1974,Hamburg,Innsbruck,918
Sienna Wilson,2017,Hamburg,Innsbruck,918
Noah Walker,1978,Vienna,Warsaw,707
Theo Walker,1986,Vienna,Warsaw,707
Charlotte Walker,2015,Vienna,Warsaw,707
Ava Walker,1980,Berlin,Napoli,1030
Thomas Holmes,1974,Berlin,Napoli,1030
Isaac Harris,1977,Berlin,Napoli,1030
Isaac Stevens,1979,Berlin,Napoli,1030
Phoebe Davidson,1991,Prague,Rijeka,606
Lily Davidson,1974,Prague,Rijeka,606
Elsie Davidson,2016,Prague,Rijeka,606
Tommy Jones,1990,Hamburg,Innsbruck,918
Harry Jones,1986,Hamburg,Innsbruck,918
Leo Jones,2014,Hamburg,Innsbruck,918
Ava Jones,2016,Hamburg,Innsbruck,918
Sophia Walker,1976,Prague,Rijeka,1010
Tommy Wilson,1979,Prague,Rijeka,1010
Archie Webb,1977,Prague,Rijeka,1010
Theodore Baker,1980,Prague,Rijeka,1010
Archie Stevens,1992,Prague,Rijeka,1010
Freddie Allen,1983,Berlin,Napoli,1133
Isabella Burton,1986,Berlin,Napoli,1133
Grace Jones,1979,Berlin,Napoli,1133
Sophia Foster,1986,Berlin,Napoli,1133
Charlie Allen,1976,Berlin,Napoli,1133
Sophia Davidson,1987,Berlin,Napoli,1133
Freddie Adams,1985,Brno,Rijeka,606
Mia Adams,1973,Brno,Rijeka,606
Freddie Adams,2017,Brno,Rijeka,606
Rosie Adams,2016,Brno,Rijeka,606
Muhammad Davidson,1980,Innsbruck,Warsaw,510
Oscar Davidson,1977,Innsbruck,Warsaw,510
Alfie Davidson,2015,Innsbruck,Warsaw,510
Tommy Davidson,2015,Innsbruck,Warsaw,510
Muhammad Harris,1984,Brno,Rijeka,1224
Sienna White,1981,Brno,Rijeka,1224
George Wilson,1992,Brno,Rijeka,1224
Theo Foster,1981,Brno,Rijeka,1224
Lucas Foster,1986,Brno,Rijeka,1224
Phoebe Jones,1978,Brno,Rijeka,1224
Charlie Robinson,1982,Innsbruck,Warsaw,1224
George Harris,1993,Innsbruck,Warsaw,1224
Amelia Jones,1989,Innsbruck,Warsaw,1224
Isaac Matthews,1981,Innsbruck,Warsaw,1224
Isabella Adams,1988,Innsbruck,Warsaw,1224
Sienna Owen,1976,Innsbruck,Warsaw,1224
Roman Baker,1981,Berlin,Napoli,832
Lucas Baker,1984,Berlin,Napoli,832
Roman Baker,2016,Berlin,Napoli,832
Isla Robinson,1990,Prague,Rijeka,612
Elsie Robinson,1992,Prague,Rijeka,612
Evie Robinson,2018,Prague,Rijeka,612
Grace White,1992,Brno,Rijeka,1144
Sienna Harris,1975,Brno,Rijeka,1144
Archie Black,1991,Brno,Rijeka,1144
Rosie Lewis,1983,Hamburg,Innsbruck,1236
Daisy Baker,1982,Hamburg,Innsbruck,1236
Emily Chapman,1989,Hamburg,Innsbruck,1236
Grace Owen,1979,Hamburg,Innsbruck,1236
George Owen,1978,Berlin,Napoli,832
Theo Owen,1976,Berlin,Napoli,832
George Owen,2013,Berlin,Napoli,832
Willow Allen,1992,Innsbruck,Warsaw,1212
Noah Chapman,1974,Innsbruck,Warsaw,1212
Noah Webb,1989,Innsbruck,Warsaw,1212
Emily Stevens,1973,Innsbruck,Warsaw,1212
Theodore Owen,1986,Innsbruck,Warsaw,1212
Arlo Baker,1986,Innsbruck,Warsaw,1212
Daisy Burton,1984,Brno,Rijeka,1212
Muhammad Baker,1992,Brno,Rijeka,1212
Isabella Burton,1984,Brno,Rijeka,1212
Archie Jones,1979,Brno,Rijeka,1212
Henry Jones,1984,Krakow,Zagreb,714
Finley Jones,1977,Krakow,Zagreb,714
Mia Jones,2016,Krakow,Zagreb,714
Tommy Allen,1992,Brno,Rijeka,618
Muhammad Allen,1987,Brno,Rijeka,618
Charlotte Allen,2018,Brno,Rijeka,618
Sienna Allen,2014,Brno,Rijeka,618
Isaac Adams,1978,Vienna,Warsaw,927
Sofia Adams,1989,Vienna,Warsaw,927
Lily Adams,2017,Vienna,Warsaw,927
Thomas Adams,2013,Vienna,Warsaw,927
Lily Payne,1982,Hamburg,Innsbruck,1236
Isaac Burton,1985,Hamburg,Innsbruck,1236
Freya Webb,1991,Hamburg,Innsbruck,1236
Harry Jones,1982,Hamburg,Innsbruck,1236
Leo Holmes,1987,Hamburg,Innsbruck,1236
Freddie White,1991,Hamburg,Innsbruck,1236
Sienna Wilson,1986,Vienna,Warsaw,1144
Ivy Matthews,1988,Vienna,Warsaw,1144
Jacob Stevens,1980,Vienna,Warsaw,1144
Noah Jones,1976,Vienna,Warsaw,1144
Theodore Payne,1988,Brno,Rijeka,721
Freya Payne,1988,Brno,Rijeka,721
Isabella Payne,2016,Brno,Rijeka,721
Isla Jones,1973,Berlin,Napoli,927
Grace Jones,1986,Berlin,Napoli,927
Charlotte Jones,2018,Berlin,Napoli,927
Isla Webb,1985,Innsbruck,Warsaw,936
Theodore Webb,1975,Innsbruck,Warsaw,936
Charlotte Webb,2014,Innsbruck,Warsaw,936
Arthur Webb,2014,Innsbruck,Warsaw,936
Muhammad Baker,1979,Brno,Rijeka,721
Evelyn Baker,1980,Brno,Rijeka,721
William Baker,2018,Brno,Rijeka,721
Isabella Foster,1993,Prague,Rijeka,624
Florence Foster,1985,Prague,Rijeka,624
Evie Foster,2016,Prague,Rijeka,624
Poppy Foster,2015,Prague,Rijeka,624
Finley Allen,1987,Prague,Rijeka,606
George Allen,1991,Prague,Rijeka,606
Archie Allen,2015,Prague,Rijeka,606
Charlie Allen,2017,Prague,Rijeka,606
Sophia Lewis,1987,Hamburg,Innsbruck,1224
Daisy Burton,1982,Hamburg,Innsbruck,1224
Theodore Wilson,1986,Hamburg,Innsbruck,1224
Emily Adams,1989,Innsbruck,Warsaw,927
Poppy Adams,1988,Innsbruck,Warsaw,927
Rosie Adams,2016,Innsbruck,Warsaw,927
Elsie Adams,2017,Innsbruck,Warsaw,927
George Payne,1991,Brno,Rijeka,606
Alfie Payne,1977,Brno,Rijeka,606
Isaac Payne,2016,Brno,Rijeka,606
Florence Adams,1980,Innsbruck,Warsaw,1224
Phoebe Stevens,1993,Innsbruck,Warsaw,1224
Isaac Webb,1987,Innsbruck,Warsaw,1224
Archie Webb,1985,Innsbruck,Warsaw,1224
Archie Chapman,1975,Innsbruck,Warsaw,1224
Elsie Baker,1979,Innsbruck,Warsaw,1224
Jacob Matthews,1984,Krakow,Zagreb,824
Archie Matthews,1978,Krakow,Zagreb,824
Isla Matthews,2018,Krakow,Zagreb,824
Isabella Robinson,1973,Berlin,Napoli,1122
Roman Wilson,1992,Berlin,Napoli,1122
Leo Wilson,1990,Berlin,Napoli,1122
Florence Black,1993,Innsbruck,Warsaw,918
Arthur Black,1993,Innsbruck,Warsaw,918
Rosie Black,2013,Innsbruck,Warsaw,918
Poppy Allen,1988,Prague,Rijeka,606
Rosie Allen,1991,Prague,Rijeka,606
Charlotte Allen,2016,Prague,Rijeka,606
Jack Foster,1982,Innsbruck,Warsaw,1248
Florence Foster,1974,Innsbruck,Warsaw,1248
Noah Allen,1984,Innsbruck,Warsaw,1248
Lily Baker,1976,Innsbruck,Warsaw,1248
Lucas Chapman,1983,Innsbruck,Warsaw,1248
Freya Chapman,1991,Hamburg,Innsbruck,1236
Ella Webb,1990,Hamburg,Innsbruck,1236
Theodore Webb,1986,Hamburg,Innsbruck,1236
Charlie White,1982,Hamburg,Innsbruck,1236
Freya Davidson,1978,Hamburg,Innsbruck,1236
Muhammad Robinson,1974,Vienna,Warsaw,1133
Daisy Harris,1980,Vienna,Warsaw,1133
Arlo Chapman,1981,Vienna,Warsaw,1133
Ivy Wilson,1990,Vienna,Warsaw,1133
Evie Matthews,1979,Vienna,Warsaw,1133
William Foster,1974,Brno,Rijeka,714
Harry Foster,1990,Brno,Rijeka,714
George Foster,2014,Brno,Rijeka,714
Florence Foster,2017,Brno,Rijeka,714
Sienna Adams,1975,Vienna,Warsaw,1133
Freya Adams,1990,Vienna,Warsaw,1133
Harry Stevens,1979,Vienna,Warsaw,1133
Charlie Webb,1981,Vienna,Warsaw,1111
Daisy Burton,1978,Vienna,Warsaw,1111
Elsie Holmes,1977,Vienna,Warsaw,1111
William Chapman,1982,Vienna,Warsaw,1111
Isla Lewis,1973,Hamburg,Innsbruck,909
Leo Lewis,1977,Hamburg,Innsbruck,909
Arthur Lewis,2013,Hamburg,Innsbruck,909
Theodore Lewis,2014,Hamburg,Innsbruck,909
Arlo Webb,1979,Brno,Rijeka,1248
Isabella Black,1977,Brno,Rijeka,1248
Finley Robinson,1989,Brno,Rijeka,1248
Willow Payne,1988,Brno,Rijeka,1248
Emily White,1990,Berlin,Napoli,1010
Ella Foster,1980,Berlin,Napoli,1010
Willow Harris,1991,Berlin,Napoli,1010
Muhammad Foster,1983,Vienna,Warsaw,1144
Daisy Jones,1989,Vienna,Warsaw,1144
Ava Chapman,1984,Vienna,Warsaw,1144
Muhammad Lewis,1974,Prague,Rijeka,624
Willow Lewis,1992,Prague,Rijeka,624
Freya Lewis,2018,Prague,Rijeka,624
Florence Lewis,2018,Prague,Rijeka,624
Freya Payne,1991,Berlin,Napoli,909
Arthur Payne,1976,Berlin,Napoli,909
Finley Payne,2015,Berlin,Napoli,909
Poppy Black,1984,Hamburg,Innsbruck,936
Lucas Black,1987,Hamburg,Innsbruck,936
Rosie Black,2016,Hamburg,Innsbruck,936
Ava Burton,1984,Berlin,Napoli,1144
Muhammad Black,1976,Berlin,Napoli,1144
Willow Robinson,1985,Berlin,Napoli,1144
Sofia Matthews,1983,Berlin,Napoli,1144
Leo Davidson,1988,Berlin,Napoli,1144
Lucas Lewis,1991,Hamburg,Innsbruck,1212
Arlo Walker,1973,Hamburg,Innsbruck,1212
Evelyn Stevens,1990,Hamburg,Innsbruck,1212
Lucas Baker,1992,Innsbruck,Warsaw,1144
Rosie White,1979,Innsbruck,Warsaw,1144
Arthur Webb,1979,Innsbruck,Warsaw,1144
Archie Wilson,1973,Innsbruck,Warsaw,1144
William Jones,1987,Innsbruck,Warsaw,1144
Oscar Burton,1988,Prague,Rijeka,606
Sienna Burton,1988,Prague,Rijeka,606
Daisy Burton,2018,Prague,Rijeka,606
Sienna White,1980,Vienna,Warsaw,1122
Leo Payne,1991,Vienna,Warsaw,1122
Arlo Foster,1983,Vienna,Warsaw,1122
Jack Owen,1985,Vienna,Warsaw,1122
Leo Chapman,1993,Prague,Rijeka,1040
Sophia Chapman,1986,Prague,Rijeka,1040
Muhammad Jones,1982,Prague,Rijeka,1040
Willow Stevens,1979,Berlin,Napoli,808
Amelia Stevens,1989,Berlin,Napoli,808
Lucas Stevens,2017,Berlin,Napoli,808
Harry Stevens,2016,Berlin,Napoli,808
Ella Jones,1976,Innsbruck,Warsaw,1236
Jack Burton,1990,Innsbruck,Warsaw,1236
Tommy Davidson,1989,Innsbruck,Warsaw,1236
Sienna Black,1973,Innsbruck,Warsaw,1236
Elsie Walker,1989,Vienna,Warsaw,1122
Ava Lewis,1976,Vienna,Warsaw,1122
Isla Davidson,1976,Vienna,Warsaw,1122
Isla Webb,1976,Prague,Rijeka,618
Finley Webb,1978,Prague,Rijeka,618
Daisy Webb,2018,Prague,Rijeka,618
Archie Baker,1989,Prague,Rijeka,1040
Sienna Lewis,1985,Prague,Rijeka,1040
Grace Holmes,1976,Prague,Rijeka,1040
Harry Matthews,1980,Prague,Rijeka,1040
William Jones,1983,Innsbruck,Warsaw,1212
Amelia Walker,1979,Innsbruck,Warsaw,1212
Arthur Lewis,1974,Innsbruck,Warsaw,1212
William Holmes,1978,Innsbruck,Warsaw,1212
Charlotte White,1991,Innsbruck,Warsaw,1212
Poppy Stevens,1980,Innsbruck,Warsaw,1212
Charlotte Wilson,1977,Innsbruck,Warsaw,1224
Florence Foster,1983,Innsbruck,Warsaw,1224
Freddie Matthews,1993,Innsbruck,Warsaw,1224
Charlotte Black,1983,Innsbruck,Warsaw,1224
Jacob Burton,1982,Innsbruck,Warsaw,1224
Tommy Davidson,1981,Prague,Rijeka,618
Evelyn Davidson,1982,Prague,Rijeka,618
Jacob Davidson,2017,Prague,Rijeka,618
Jacob Davidson,2015,Prague,Rijeka,618
Poppy Jones,1992,Vienna,Warsaw,714
Lily Jones,1993,Vienna,Warsaw,714
Ella Jones,2016,Vienna,Warsaw,714
Sophia Davidson,1975,Krakow,Zagreb,824
William Davidson,1986,Krakow,Zagreb,824
Charlie Davidson,2015,Krakow,Zagreb,824
Rosie Davidson,2013,Krakow,Zagreb,824
Sienna Harris,1974,Brno,Rijeka,1236
Oscar Allen,1988,Brno,Rijeka,1236
Isabella Wilson,1992,Brno,Rijeka,1236
Theo Holmes,1987,Brno,Rijeka,1236
Thomas Walker,1981,Brno,Rijeka,1236
Arlo Foster,1980,Prague,Rijeka,606
Lily Foster,1991,Prague,Rijeka,606
Freddie Foster,2014,Prague,Rijeka,606
Roman Foster,2013,Prague,Rijeka,606
Isabella Lewis,1976,Hamburg,Rome,816
Jacob Lewis,1975,Hamburg,Rome,816
Leo Lewis,2016,Hamburg,Rome,816
Muhammad Baker,1988,Vienna,Warsaw,714
Alfie Baker,1984,Vienna,Warsaw,714
Arthur Baker,2017,Vienna,Warsaw,714
Ava Baker,2017,Vienna,Warsaw,714
Daisy Jones,1992,Berlin,Napoli,909
Emily Jones,1990,Berlin,Napoli,909
Henry Jones,2017,Berlin,Napoli,909
George Jones,2016,Berlin,Napoli,909
Ella Davidson,1979,Hamburg,Rome,714
Sofia Davidson,1974,Hamburg,Rome,714
Evie Davidson,2014,Hamburg,Rome,714
Lily Davidson,2016,Hamburg,Rome,714
William Davidson,1976,Vienna,Warsaw,927
Theodore Davidson,1976,Vienna,Warsaw,927
Harry Davidson,2013,Vienna,Warsaw,927
Sienna Walker,1991,Berlin,Napoli,1122
Ava Robinson,1993,Berlin,Napoli,1122
Sienna Robinson,1989,Berlin,Napoli,1122
Sophia Matthews,1976,Berlin,Napoli,1122
William Foster,1983,Berlin,Napoli,1122
Ava Baker,1983,Vienna,Warsaw,1122
Ivy Webb,1979,Vienna,Warsaw,1122
Arthur Stevens,1973,Vienna,Warsaw,1122
Harry Robinson,1990,Brno,Rijeka,721
Oscar Robinson,1986,Brno,Rijeka,721
Arlo Robinson,2016,Brno,Rijeka,721
Ava Robinson,2016,Brno,Rijeka,721
Elsie Stevens,1989,Vienna,Warsaw,1122
Arthur Owen,1976,Vienna,Warsaw,1122
Finley Owen,1988,Vienna,Warsaw,1122
Archie Adams,1974,Vienna,Warsaw,1122
Florence Jones,1978,Vienna,Warsaw,1122
Harry Stevens,1977,Prague,Rijeka,606
Isla Stevens,1974,Prague,Rijeka,606
Roman Stevens,2013,Prague,Rijeka,606
Poppy Webb,1973,Berlin,Napoli,1020
Henry Lewis,1981,Berlin,Napoli,1020
Evie White,1985,Berlin,Napoli,1020
Ivy Adams,1981,Berlin,Napoli,1020
Charlotte White,1985,Berlin,Napoli,1020
William Allen,1974,Hamburg,Innsbruck,1224
Poppy Harris,1986,Hamburg,Innsbruck,1224
Tommy Matthews,1976,Hamburg,Innsbruck,1224
Oscar Holmes,1979,Hamburg,Innsbruck,1224
Leo Stevens,1980,Hamburg,Innsbruck,1224
Evie Payne,1989,Brno,Rijeka,1236
Finley Black,1974,Brno,Rijeka,1236
Charlotte Stevens,1981,Brno,Rijeka,1236
Sienna Webb,1973,Brno,Rijeka,1236
Isabella Jones,1990,Hamburg,Innsbruck,1224
Leo Adams,1978,Hamburg,Innsbruck,1224
George Chapman,1982,Hamburg,Innsbruck,1224
Willow Allen,1984,Hamburg,Innsbruck,1224
Isabella Black,1987,Hamburg,Innsbruck,1224
Rosie Robinson,1988,Hamburg,Rome,832
Oscar Robinson,1984,Hamburg,Rome,832
Lily Robinson,2016,Hamburg,Rome,832
Mia Foster,1976,Berlin,Napoli,824
Rosie Foster,1978,Berlin,Napoli,824
Evelyn Foster,2017,Berlin,Napoli,824
Charlotte Foster,2015,Berlin,Napoli,824
Noah Stevens,1991,Brno,Rijeka,1236
Henry Walker,1986,Brno,Rijeka,1236
Harry Chapman,1979,Brno,Rijeka,1236
Ava Wilson,1986,Brno,Rijeka,1236
Willow Baker,1981,Brno,Rijeka,1236
Noah Black,1986,Hamburg,Innsbruck,1212
Lucas Owen,1980,Hamburg,Innsbruck,1212
Daisy Davidson,1993,Hamburg,Innsbruck,1212
Thomas Payne,1974,Brno,Rijeka,1212
Charlie Adams,1976,Brno,Rijeka,1212
Mia Walker,1991,Brno,Rijeka,1212
Archie Stevens,1982,Berlin,Napoli,936
Charlotte Stevens,1979,Berlin,Napoli,936
Arlo Stevens,2015,Berlin,Napoli,936
Ava Webb,1975,Innsbruck,Warsaw,1212
Roman Webb,1973,Innsbruck,Warsaw,1212
Arthur Harris,1977,Innsbruck,Warsaw,1212
Henry Harris,1973,Innsbruck,Warsaw,1212
Ella Adams,1981,Innsbruck,Warsaw,1212
Sofia Holmes,1987,Prague,Rijeka,1040
Grace Matthews,1992,Prague,Rijeka,1040
Oscar Chapman,1981,Prague,Rijeka,1040
Ivy Chapman,1988,Prague,Rijeka,1040
Isla Wilson,1991,Brno,Rijeka,714
Isaac Wilson,1988,Brno,Rijeka,714
Isla Wilson,2016,Brno,Rijeka,714
Arthur Wilson,2018,Brno,Rijeka,714
Finley Foster,1986,Vienna,Warsaw,927
Freddie Foster,1978,Vienna,Warsaw,927
Leo Foster,2017,Vienna,Warsaw,927
Alfie Foster,2014,Vienna,Warsaw,927
George Jones,1979,Berlin,Napoli,808
Archie Jones,1977,Berlin,Napoli,808
Phoebe Jones,2013,Berlin,Napoli,808
Alfie Payne,1984,Innsbruck,Warsaw,1224
Finley Holmes,1982,Innsbruck,Warsaw,1224
Finley Webb,1992,Innsbruck,Warsaw,1224
Finley Chapman,1986,Innsbruck,Warsaw,1224
Ella Allen,1976,Innsbruck,Warsaw,1224
Rosie Burton,1978,Krakow,Zagreb,808
Finley Burton,1984,Krakow,Zagreb,808
Ava Burton,2014,Krakow,Zagreb,808
Rosie Baker,1974,Hamburg,Rome,808
Ivy Baker,1974,Hamburg,Rome,808
Amelia Baker,2013,Hamburg,Rome,808
Willow Owen,1987,Vienna,Warsaw,1133
Isaac Holmes,1993,Vienna,Warsaw,1133
Evelyn Holmes,1975,Vienna,Warsaw,1133
William Black,1993,Berlin,Napoli,936
Harry Black,1987,Berlin,Napoli,936
Thomas Black,2018,Berlin,Napoli,936
Ivy Black,2017,Berlin,Napoli,936
William Jones,1988,Berlin,Napoli,832
Isla Jones,1984,Berlin,Napoli,832
Sienna Jones,2013,Berlin,Napoli,832
Leo Jones,2014,Berlin,Napoli,832
Isabella Holmes,1978,Prague,Rijeka,624
Evie Holmes,1989,Prague,Rijeka,624
Archie Holmes,2014,Prague,Rijeka,624
Sophia Black,1977,Prague,Rijeka,1010
Leo Allen,1992,Prague,Rijeka,1010
Isaac Foster,1988,Prague,Rijeka,1010
William Chapman,1973,Prague,Rijeka,1010
Freya Matthews,1982,Berlin,Napoli,714
Sofia Matthews,1974,Berlin,Napoli,714
Mia Matthews,2018,Berlin,Napoli,714
Noah Matthews,2017,Berlin,Napoli,714
Muhammad Chapman,1986,Hamburg,Innsbruck,309
Finley Chapman,1986,Hamburg,Innsbruck,309
Ava Chapman,2014,Hamburg,Innsbruck,309
Phoebe Chapman,2016,Hamburg,Innsbruck,309
Tommy Wilson,1993,Hamburg,Innsbruck,1248
Theodore Lewis,1992,Hamburg,Innsbruck,1248
Lucas Foster,1984,Hamburg,Innsbruck,1248
Freddie Robinson,1978,Brno,Rijeka,707
Ella Robinson,1988,Brno,Rijeka,707
Evelyn Robinson,2018,Brno,Rijeka,707
Tommy Lewis,1974,Krakow,Zagreb,808
Grace Lewis,1992,Krakow,Zagreb,808
Charlotte Lewis,2017,Krakow,Zagreb,808
Ella Lewis,1973,Prague,Rijeka,1010
Rosie Payne,1984,Prague,Rijeka,1010
Rosie Allen,1981,Prague,Rijeka,1010
Arthur Allen,1974,Prague,Rijeka,1010
Ivy Jones,1984,Prague,Rijeka,1010
Daisy Owen,1979,Prague,Rijeka,1010
Evelyn Walker,1983,Vienna,Warsaw,1133
Tommy Payne,1973,Vienna,Warsaw,1133
Arlo White,1990,Vienna,Warsaw,1133
Evie Allen,1984,Innsbruck,Warsaw,1111
Jack Matthews,1983,Innsbruck,Warsaw,1111
Willow Lewis,1973,Innsbruck,Warsaw,1111
George Baker,1984,Innsbruck,Warsaw,1111
Phoebe Baker,1986,Prague,Rijeka,612
Jacob Baker,1975,Prague,Rijeka,612
Elsie Baker,2015,Prague,Rijeka,612
Arthur Baker,2015,Prague,Rijeka,612
Poppy Davidson,1986,Innsbruck,Warsaw,1133
Willow Owen,1991,Innsbruck,Warsaw,1133
Freddie Matthews,1992,Innsbruck,Warsaw,1133
Evelyn Matthews,1978,Innsbruck,Warsaw,1133
Alfie Webb,1984,Innsbruck,Warsaw,1133
Florence Jones,1987,Innsbruck,Warsaw,1133
Elsie Payne,1987,Prague,Rijeka,1010
Thomas Adams,1993,Prague,Rijeka,1010
Jack Webb,1976,Prague,Rijeka,1010
Florence Harris,1985,Prague,Rijeka,1010
Theo Holmes,1982,Berlin,Napoli,832
Isabella Holmes,1974,Berlin,Napoli,832
Sienna Holmes,2017,Berlin,Napoli,832
Ella Holmes,2014,Berlin,Napoli,832
Freya Payne,1992,Vienna,Warsaw,909
Theo Payne,1975,Vienna,Warsaw,909
Phoebe Payne,2014,Vienna,Warsaw,909
Tommy Payne,2014,Vienna,Warsaw,909
Ella Webb,1976,Innsbruck,Warsaw,510
Isaac Webb,1992,Innsbruck,Warsaw,510
Theo Webb,2013,Innsbruck,Warsaw,510
Jacob Webb,2018,Innsbruck,Warsaw,510
Freddie Baker,1993,Vienna,Warsaw,1144
Amelia Webb,1978,Vienna,Warsaw,1144
Jacob Robinson,1978,Vienna,Warsaw,1144
Noah Lewis,1986,Vienna,Warsaw,1144
Ella Holmes,1976,Vienna,Warsaw,1144
Thomas Wilson,1979,Hamburg,Innsbruck,1224
Rosie Holmes,1986,Hamburg,Innsbruck,1224
Lucas Matthews,1974,Hamburg,Innsbruck,1224
Alfie Foster,1987,Hamburg,Innsbruck,1224
Ella Allen,1976,Hamburg,Innsbruck,1224
Poppy Chapman,1981,Hamburg,Innsbruck,1224
Amelia Holmes,1988,Innsbruck,Warsaw,1212
Ava Payne,1982,Innsbruck,Warsaw,1212
Alfie Webb,1981,Innsbruck,Warsaw,1212
Ivy Jones,1978,Innsbruck,Warsaw,1212
Muhammad Matthews,1991,Hamburg,Innsbruck,1248
Florence Robinson,1993,Hamburg,Innsbruck,1248
Alfie Robinson,1983,Hamburg,Innsbruck,1248
Thomas Wilson,1982,Hamburg,Innsbruck,1248
Muhammad Stevens,1976,Hamburg,Innsbruck,1248
Thomas Adams,1984,Berlin,Napoli,707
Jacob Adams,1978,Berlin,Napoli,707
Poppy Adams,2017,Berlin,Napoli,707
Alfie Adams,1977,Innsbruck,Warsaw,927
Rosie Adams,1990,Innsbruck,Warsaw,927
Lily Adams,2015,Innsbruck,Warsaw,927
Oscar Adams,2014,Innsbruck,Warsaw,927
Daisy Lewis,1986,Vienna,Warsaw,1144
Daisy Webb,1987,Vienna,Warsaw,1144
Sofia Baker,1983,Vienna,Warsaw,1144
Henry Baker,1983,Vienna,Warsaw,1144
Sienna Wilson,1976,Vienna,Warsaw,1144
Isabella Davidson,1993,Brno,Rijeka,1144
George Walker,1976,Brno,Rijeka,1144
Lily Payne,1988,Brno,Rijeka,1144
Thomas Walker,1974,Brno,Rijeka,1144
Emily Lewis,1985,Brno,Rijeka,1144
Jack Payne,1978,Brno,Rijeka,1224
Ivy Baker,1974,Brno,Rijeka,1224
Sophia Wilson,1988,Brno,Rijeka,1224
Ava Matthews,1985,Brno,Rijeka,1224
Ava Wilson,1980,Brno,Rijeka,1224
Jacob Stevens,1984,Brno,Rijeka,721
Harry Stevens,1983,Brno,Rijeka,721
Tommy Stevens,2018,Brno,Rijeka,721
Jacob Payne,1982,Prague,Rijeka,1010
Theo Jones,1977,Prague,Rijeka,1010
Poppy Foster,1982,Prague,Rijeka,1010
Charlotte Holmes,1991,Prague,Rijeka,1010
Harry Davidson,1979,Innsbruck,Warsaw,520
Daisy Davidson,1988,Innsbruck,Warsaw,520
Tommy Davidson,2016,Innsbruck,Warsaw,520
Noah Lewis,1975,Vienna,Warsaw,1133
Archie Wilson,1993,Vienna,Warsaw,1133
Isabella Black,1981,Vienna,Warsaw,1133
Ella Walker,1979,Vienna,Warsaw,1133
Charlotte Walker,1986,Vienna,Warsaw,1133
Evie Robinson,1976,Vienna,Warsaw,1133
Grace Davidson,1974,Berlin,Napoli,1111
Charlotte Chapman,1976,Berlin,Napoli,1111
Sophia Baker,1984,Berlin,Napoli,1111
Roman White,1977,Berlin,Napoli,1111
Charlotte Webb,1976,Berlin,Napoli,1111
Charlotte Holmes,1991,Berlin,Napoli,1111
Thomas Chapman,1987,Brno,Rijeka,1122
Theo Owen,1989,Brno,Rijeka,1122
Jacob Adams,1979,Brno,Rijeka,1122
Alfie Burton,1973,Innsbruck,Warsaw,1111
Alfie Payne,1981,Innsbruck,Warsaw,1111
Evie Jones,1987,Innsbruck,Warsaw,1111
Evelyn Owen,1976,Innsbruck,Warsaw,1111
Arthur Payne,1980,Innsbruck,Warsaw,1111
Tommy Davidson,1993,Innsbruck,Warsaw,520
Daisy Davidson,1984,Innsbruck,Warsaw,520
Amelia Davidson,2014,Innsbruck,Warsaw,520
Evie Stevens,1989,Vienna,Warsaw,927
Alfie Stevens,1983,Vienna,Warsaw,927
Harry Stevens,2014,Vienna,Warsaw,927
Arthur Payne,1981,Innsbruck,Warsaw,1248
Florence Adams,1980,Innsbruck,Warsaw,1248
Grace Webb,1980,Innsbruck,Warsaw,1248
Florence Foster,1976,Innsbruck,Warsaw,1248
Evie Stevens,1982,Prague,Rijeka,1040
Finley Chapman,1982,Prague,Rijeka,1040
Daisy Robinson,1993,Prague,Rijeka,1040
Ella Harris,1985,Prague,Rijeka,1040
Phoebe Chapman,1992,Prague,Rijeka,1040
Noah Walker,1991,Prague,Rijeka,1040
Lily Owen,1978,Hamburg,Rome,808
Willow Owen,1992,Hamburg,Rome,808
Theo Owen,2016,Hamburg,Rome,808
Harry Webb,1977,Berlin,Napoli,1030
Ava Chapman,1979,Berlin,Napoli,1030
Sofia Adams,1989,Berlin,Napoli,1030
Thomas Foster,1977,Berlin,Napoli,1030
Willow Robinson,1992,Berlin,Napoli,1030
Theodore Robinson,1978,Hamburg,Innsbruck,1212
Florence Robinson,1989,Hamburg,Innsbruck,1212
Muhammad Owen,1973,Hamburg,Innsbruck,1212
Charlotte Holmes,1992,Brno,Rijeka,721
Phoebe Holmes,1981,Brno,Rijeka,721
Emily Holmes,2018,Brno,Rijeka,721
Noah Holmes,2013,Brno,Rijeka,721
Amelia Walker,1973,Berlin,Napoli,816
Oscar Walker,1992,Berlin,Napoli,816
Sophia Walker,2013,Berlin,Napoli,816
Theo Walker,2014,Berlin,Napoli,816
Archie Stevens,1983,Berlin,Napoli,1010
Phoebe Harris,1981,Berlin,Napoli,1010
Jack Webb,1988,Berlin,Napoli,1010
Lily Black,1984,Berlin,Napoli,1010
Mia Stevens,1987,Innsbruck,Warsaw,1236
Evelyn Foster,1985,Innsbruck,Warsaw,1236
George Chapman,1977,Innsbruck,Warsaw,1236
Isabella Matthews,1976,Hamburg,Rome,707
Evie Matthews,1980,Hamburg,Rome,707
Muhammad Matthews,2017,Hamburg,Rome,707
Isla Black,1977,Vienna,Warsaw,1122
Isaac Adams,1976,Vienna,Warsaw,1122
Evie Robinson,1990,Vienna,Warsaw,1122
Jack Baker,1973,Vienna,Warsaw,1122
Arthur Matthews,1993,Vienna,Warsaw,1122
Ivy Lewis,1987,Brno,Rijeka,714
Tommy Lewis,1988,Brno,Rijeka,714
Florence Lewis,2013,Brno,Rijeka,714
Muhammad Payne,1976,Hamburg,Innsbruck,1224
Arthur Holmes,1993,Hamburg,Innsbruck,1224
Evelyn White,1985,Hamburg,Innsbruck,1224
Lucas Davidson,1990,Hamburg,Innsbruck,1224
Lily Walker,1980,Brno,Rijeka,1224
Mia Jones,1978,Brno,Rijeka,1224
Oscar Chapman,1979,Brno,Rijeka,1224
Henry Walker,1973,Brno,Rijeka,1224
Noah Black,1986,Brno,Rijeka,1224
George Jones,1979,Brno,Rijeka,1224
Isaac Webb,1984,Berlin,Napoli,1010
George White,1986,Berlin,Napoli,1010
Evelyn White,1978,Berlin,Napoli,1010
Leo Webb,1981,Berlin,Napoli,1010
Oscar Stevens,1986,Berlin,Napoli,1010
Freddie Chapman,1979,Berlin,Napoli,1010
Lily Matthews,1984,Berlin,Napoli,1144
Daisy Holmes,1983,Berlin,Napoli,1144
Sienna White,1986,Berlin,Napoli,1144
Mia Payne,1975,Berlin,Napoli,1144
Amelia Burton,1984,Brno,Rijeka,707
Florence Burton,1976,Brno,Rijeka,707
Rosie Burton,2016,Brno,Rijeka,707
Emily Burton,2018,Brno,Rijeka,707
Daisy Holmes,1985,Vienna,Warsaw,909
Theodore Holmes,1974,Vienna,Warsaw,909
Evie Holmes,2013,Vienna,Warsaw,909
Isabella Baker,1993,Prague,Rijeka,624
Amelia Baker,1974,Prague,Rijeka,624
Ella Baker,2017,Prague,Rijeka,624
Freddie Baker,2014,Prague,Rijeka,624
Isaac Payne,1991,Hamburg,Innsbruck,1248
Isla White,1974,Hamburg,Innsbruck,1248
Ivy Harris,1993,Hamburg,Innsbruck,1248
Evie Holmes,1985,Hamburg,Innsbruck,1248
Charlotte Jones,1988,Hamburg,Innsbruck,1248
George White,1981,Hamburg,Innsbruck,1248
Charlie Black,1985,Krakow,Zagreb,808
Roman Black,1990,Krakow,Zagreb,808
Sofia Black,2014,Krakow,Zagreb,808
Leo Black,2013,Krakow,Zagreb,808
Charlie Davidson,1993,Prague,Rijeka,1030
Arthur Allen,1992,Prague,Rijeka,1030
Tommy White,1974,Prague,Rijeka,1030
Ava Stevens,1985,Prague,Rijeka,1030
Ivy Black,1991,Prague,Rijeka,1030
Jacob Walker,1987,Prague,Rijeka,1030
Evie Walker,1992,Innsbruck,Warsaw,1212
Alfie Adams,1989,Innsbruck,Warsaw,1212
Phoebe Davidson,1982,Innsbruck,Warsaw,1212
Willow Webb,1992,Innsbruck,Warsaw,1212
Poppy White,1981,Innsbruck,Warsaw,1212
Lily Owen,1981,Hamburg,Innsbruck,1212
Willow Wilson,1992,Hamburg,Innsbruck,1212
Charlotte Wilson,1982,Hamburg,Innsbruck,1212
Jacob Robinson,1979,Hamburg,Innsbruck,1212
Jack Matthews,1974,Prague,Rijeka,1030
Willow Davidson,1987,Prague,Rijeka,1030
Arthur Baker,1983,Prague,Rijeka,1030
Mia Webb,1983,Prague,Rijeka,1030
Muhammad Adams,1978,Prague,Rijeka,1030
Theodore Jones,1973,Prague,Rijeka,618
Grace Jones,1974,Prague,Rijeka,618
Ivy Jones,2015,Prague,Rijeka,618
Freddie Jones,2017,Prague,Rijeka,618
Isla Allen,1979,Brno,Rijeka,612
Freddie Allen,1976,Brno,Rijeka,612
Ava Allen,2017,Brno,Rijeka,612
Poppy Allen,2016,Brno,Rijeka,612
Sienna Black,1986,Prague,Rijeka,1010
Sophia Payne,1991,Prague,Rijeka,1010
Elsie Allen,1990,Prague,Rijeka,1010
Poppy Jones,1993,Innsbruck,Warsaw,936
Alfie Jones,1989,Innsbruck,Warsaw,936
Thomas Jones,2017,Innsbruck,Warsaw,936
Lily Jones,2014,Innsbruck,Warsaw,936
Theodore Baker,1985,Brno,Rijeka,714
Evie Baker,1983,Brno,Rijeka,714
Rosie Baker,2013,Brno,Rijeka,714
Ava Davidson,1973,Prague,Rijeka,624
Emily Davidson,1973,Prague,Rijeka,624
Harry Davidson,2018,Prague,Rijeka,624
Evelyn Davidson,2018,Prague,Rijeka,624
Poppy Jones,1973,Berlin,Napoli,1144
Alfie Davidson,1978,Berlin,Napoli,1144
Florence Jones,1976,Berlin,Napoli,1144
Oscar Wilson,1981,Berlin,Napoli,1144
Charlotte Holmes,1976,Berlin,Napoli,1144
Freddie Lewis,1990,Berlin,Napoli,1144
Ivy Chapman,1987,Hamburg,Rome,824
Poppy Chapman,1976,Hamburg,Rome,824
Amelia Chapman,2014,Hamburg,Rome,824
Arlo Baker,1979,Prague,Rijeka,612
Alfie Baker,1976,Prague,Rijeka,612
Freya Baker,2016,Prague,Rijeka,612
Evelyn Baker,2015,Prague,Rijeka,612
Emily Stevens,1980,Brno,Rijeka,714
Poppy Stevens,1984,Brno,Rijeka,714
George Stevens,2014,Brno,Rijeka,714
Theodore Stevens,2018,Brno,Rijeka,714
Isabella Chapman,1984,Berlin,Napoli,714
Sienna Chapman,1989,Berlin,Napoli,714
Ava Chapman,2017,Berlin,Napoli,714
Isabella Chapman,2017,Berlin,Napoli,714
Charlotte Allen,1977,Hamburg,Innsbruck,918
Willow Allen,1992,Hamburg,Innsbruck,918
Isla Allen,2018,Hamburg,Innsbruck,918
Grace Webb,1981,Vienna,Warsaw,714
Sienna Webb,1984,Vienna,Warsaw,714
Freddie Webb,2015,Vienna,Warsaw,714
Jacob Chapman,1986,Brno,Rijeka,1133
Rosie Allen,1983,Brno,Rijeka,1133
Lily Payne,1989,Brno,Rijeka,1133
Noah Holmes,1976,Brno,Rijeka,1133
Ava Jones,1988,Brno,Rijeka,1133
Emily Holmes,1978,Brno,Rijeka,1133
Poppy Lewis,1974,Hamburg,Rome,832
Poppy Lewis,1975,Hamburg,Rome,832
Ava Lewis,2016,Hamburg,Rome,832
Jacob Harris,1978,Krakow,Zagreb,832
Charlotte Harris,1992,Krakow,Zagreb,832
Phoebe Harris,2014,Krakow,Zagreb,832
Muhammad Baker,1982,Hamburg,Innsbruck,1236
Lily Foster,1985,Hamburg,Innsbruck,1236
Florence Allen,1979,Hamburg,Innsbruck,1236
Phoebe Jones,1976,Innsbruck,Warsaw,1212
Ava Allen,1991,Innsbruck,Warsaw,1212
Harry Jones,1992,Innsbruck,Warsaw,1212
Lily Adams,1987,Innsbruck,Warsaw,1212
Ella Jones,1974,Innsbruck,Warsaw,1212
Evie Owen,1993,Brno,Rijeka,1248
Oscar Robinson,1973,Brno,Rijeka,1248
Daisy Webb,1984,Brno,Rijeka,1248
Alfie White,1982,Vienna,Warsaw,1122
Jack Allen,1985,Vienna,Warsaw,1122
William Burton,1973,Vienna,Warsaw,1122
Oscar Payne,1974,Vienna,Warsaw,1122
Leo Jones,1981,Hamburg,Innsbruck,1236
Sophia Black,1988,Hamburg,Innsbruck,1236
Lily Foster,1980,Hamburg,Innsbruck,1236
Evelyn Walker,1984,Hamburg,Innsbruck,1236
Isabella Harris,1991,Hamburg,Rome,721
Roman Harris,1977,Hamburg,Rome,721
Poppy Harris,2014,Hamburg,Rome,721
Jacob Black,1989,Innsbruck,Warsaw,505
Freya Black,1976,Innsbruck,Warsaw,505
Tommy Black,2014,Innsbruck,Warsaw,505
Isla White,1990,Berlin,Napoli,1144
Jacob Walker,1981,Berlin,Napoli,1144
Isla Walker,1980,Berlin,Napoli,1144
Alfie Lewis,1990,Berlin,Napoli,1144
Charlie Lewis,1987,Hamburg,Innsbruck,909
Roman Lewis,1992,Hamburg,Innsbruck,909
Isaac Lewis,2013,Hamburg,Innsbruck,909
Phoebe Owen,1978,Krakow,Zagreb,721
Emily Owen,1993,Krakow,Zagreb,721
Charlotte Owen,2017,Krakow,Zagreb,721
Arlo Owen,2013,Krakow,Zagreb,721
Henry Foster,1989,Innsbruck,Warsaw,1212
Isaac Jones,1986,Innsbruck,Warsaw,1212
Alfie Foster,1978,Innsbruck,Warsaw,1212
Willow Lewis,1989,Innsbruck,Warsaw,1212
Jack Webb,1992,Innsbruck,Warsaw,1212
Sophia Payne,1993,Hamburg,Innsbruck,1248
Grace Davidson,1981,Hamburg,Innsbruck,1248
Isabella Lewis,1990,Hamburg,Innsbruck,1248
Daisy Webb,1992,Innsbruck,Warsaw,515
Poppy Webb,1973,Innsbruck,Warsaw,515
Tommy Webb,2017,Innsbruck,Warsaw,515
Emily Webb,2013,Innsbruck,Warsaw,515
Emily Walker,1979,Hamburg,Innsbruck,909
Rosie Walker,1978,Hamburg,Innsbruck,909
Harry Walker,2018,Hamburg,Innsbruck,909
Ivy Walker,2015,Hamburg,Innsbruck,909
William Harris,1991,Krakow,Zagreb,824
Freddie Harris,1974,Krakow,Zagreb,824
Lily Harris,2014,Krakow,Zagreb,824
Amelia Holmes,1977,Hamburg,Innsbruck,1248
Ava Allen,1974,Hamburg,Innsbruck,1248
Finley Davidson,1993,Hamburg,Innsbruck,1248
Florence Adams,1993,Hamburg,Innsbruck,1248
George Holmes,1992,Hamburg,Innsbruck,1248
Ivy Harris,1981,Hamburg,Innsbruck,1248
Leo Foster,1984,Hamburg,Rome,832
Oscar Foster,1987,Hamburg,Rome,832
Phoebe Foster,2017,Hamburg,Rome,832
Arlo Foster,2017,Hamburg,Rome,832
George Burton,1978,Innsbruck,Warsaw,918
Arthur Burton,1984,Innsbruck,Warsaw,918
Muhammad Burton,2017,Innsbruck,Warsaw,918
Amelia Burton,2018,Innsbruck,Warsaw,918
Poppy Chapman,1984,Berlin,Napoli,832
Alfie Chapman,1989,Berlin,Napoli,832
Emily Chapman,2016,Berlin,Napoli,832
Arlo Chapman,2015,Berlin,Napoli,832
Charlotte White,1985,Prague,Rijeka,612
Willow White,1991,Prague,Rijeka,612
Emily White,2015,Prague,Rijeka,612
Evelyn Robinson,1990,Hamburg,Innsbruck,1236
Isla Webb,1985,Hamburg,Innsbruck,1236
Poppy Walker,1993,Hamburg,Innsbruck,1236
Sofia Harris,1978,Brno,Rijeka,618
Noah Harris,1973,Brno,Rijeka,618
Leo Harris,2013,Brno,Rijeka,618
Sienna Harris,2018,Brno,Rijeka,618
Sienna Harris,1992,Vienna,Warsaw,927
Freya Harris,1992,Vienna,Warsaw,927
Freddie Harris,2018,Vienna,Warsaw,927
Tommy Harris,2016,Vienna,Warsaw,927
Henry Robinson,1980,Prague,Rijeka,612
Jacob Robinson,1989,Prague,Rijeka,612
Willow Robinson,2016,Prague,Rijeka,612
Grace Robinson,2017,Prague,Rijeka,612
Evelyn Foster,1980,Brno,Rijeka,714
Arlo Foster,1987,Brno,Rijeka,714
Lily Foster,2015,Brno,Rijeka,714
Jack White,1991,Vienna,Warsaw,1122
Emily Stevens,1992,Vienna,Warsaw,1122
Willow Payne,1977,Vienna,Warsaw,1122
Theo Owen,1989,Vienna,Warsaw,1122
Arthur Harris,1973,Berlin,Napoli,721
Isaac Harris,1987,Berlin,Napoli,721
Charlie Harris,2014,Berlin,Napoli,721
Theo Webb,1977,Berlin,Napoli,824
Phoebe Webb,1983,Berlin,Napoli,824
Lucas Webb,2015,Berlin,Napoli,824
Alfie Holmes,1991,Hamburg,Rome,808
Isla Holmes,1987,Hamburg,Rome,808
Isla Holmes,2017,Hamburg,Rome,808
Lily Lewis,1974,Brno,Rijeka,1212
Elsie Holmes,1992,Brno,Rijeka,1212
Tommy Baker,1980,Brno,Rijeka,1212
Thomas Harris,1987,Brno,Rijeka,1212
Jacob Stevens,1974,Brno,Rijeka,1212
Isaac Baker,1985,Innsbruck,Warsaw,918
George Baker,1990,Innsbruck,Warsaw,918
Henry Baker,2014,Innsbruck,Warsaw,918
Finley Baker,2014,Innsbruck,Warsaw,918
Evie White,1976,Vienna,Warsaw,1122
Isla Burton,1981,Vienna,Warsaw,1122
Mia Walker,1980,Vienna,Warsaw,1122
Amelia Holmes,1991,Vienna,Warsaw,1122
Muhammad Chapman,1992,Vienna,Warsaw,1122
William Harris,1979,Brno,Rijeka,707
Charlie Harris,1977,Brno,Rijeka,707
Theo Harris,2015,Brno,Rijeka,707
Mia Foster,1984,Innsbruck,Warsaw,927
William Foster,1981,Innsbruck,Warsaw,927
Daisy Foster,2013,Innsbruck,Warsaw,927
Charlie Foster,2016,Innsbruck,Warsaw,927
Arlo Matthews,1977,Prague,Rijeka,1010
Evelyn Wilson,1979,Prague,Rijeka,1010
Lucas Stevens,1987,Prague,Rijeka,1010
Jack Baker,1988,Berlin,Napoli,1144
Rosie Holmes,1985,Berlin,Napoli,1144
Theodore Matthews,1981,Berlin,Napoli,1144
Noah Walker,1979,Hamburg,Innsbruck,1236
Sofia Webb,1990,Hamburg,Innsbruck,1236
Alfie Stevens,1973,Hamburg,Innsbruck,1236
Emily Holmes,1991,Hamburg,Innsbruck,1236
Theo Chapman,1985,Hamburg,Innsbruck,1236
Theodore Payne,1993,Hamburg,Innsbruck,1236
George Stevens,1975,Innsbruck,Warsaw,1212
Theodore Burton,1981,Innsbruck,Warsaw,1212
Arthur Chapman,1983,Innsbruck,Warsaw,1212
Leo Owen,1983,Innsbruck,Warsaw,1212
Daisy Baker,1984,Innsbruck,Warsaw,1212
Lily Payne,1986,Innsbruck,Warsaw,1212
Finley Owen,1977,Berlin,Napoli,1144
Amelia Holmes,1989,Berlin,Napoli,1144
Arlo Payne,1978,Berlin,Napoli,1144
Mia Webb,1974,Berlin,Napoli,1144
